user_id,recency,frequency,monetary,r_score,f_score,m_score,rfm_score,user_first_transaction_channel,segment
18962,54,1,195.5,2,5,5,255,Google Ads,At Risk High Value
18269,26,1,168.56,2,5,5,255,Direct,At Risk High Value
19939,44,1,33.0,2,5,5,255,Referral,At Risk High Value
18155,37,1,309.32,2,5,4,254,Direct,At Risk High Value
19651,56,1,315.38,2,5,4,254,Referral,At Risk High Value
18184,61,1,310.48,2,5,4,254,Direct,At Risk High Value
18265,84,1,296.24,2,5,4,254,Facebook Ads,At Risk High Value
18256,34,2,288.54,2,4,4,244,Direct,At Risk High Value
19356,60,2,384.85,2,4,4,244,Referral,At Risk High Value
18478,24,2,243.9,2,4,4,244,Facebook Ads,At Risk High Value
19554,27,2,351.46,2,4,4,244,TikTok Ads,At Risk High Value
19751,79,2,362.14,2,4,4,244,Direct,At Risk High Value
18012,69,2,314.04,2,4,4,244,Referral,At Risk High Value
18961,17,3,338.09,2,4,4,244,Newsletter,At Risk High Value
18762,73,3,379.36,2,4,4,244,Referral,At Risk High Value
18510,48,2,285.65,2,4,4,244,Direct,At Risk High Value
19673,37,2,265.74,2,4,4,244,Newsletter,At Risk High Value
19527,40,2,323.18,2,4,4,244,Direct,At Risk High Value
19113,84,3,288.06,2,4,4,244,Direct,At Risk High Value
19708,20,2,287.77,2,4,4,244,TikTok Ads,At Risk High Value
19787,72,2,413.33,2,4,4,244,Referral,At Risk High Value
19682,67,3,684.45,2,4,3,243,Newsletter,At Risk High Value
18371,58,2,645.39,2,4,3,243,Referral,At Risk High Value
,,0,,1,5,5,155,,At Risk High Value
18181,1,1,97.37,1,5,5,155,Referral,At Risk High Value
18968,14,1,83.32,1,4,5,145,Direct,At Risk High Value
18830,299,1,193.29,5,5,5,555,Facebook Ads,Champion
19924,331,1,119.3,5,5,5,555,Referral,Champion
18553,364,1,97.27,5,5,5,555,Facebook Ads,Champion
18609,363,1,195.7,5,5,5,555,Newsletter,Champion
18174,336,1,192.52,5,5,5,555,TikTok Ads,Champion
19828,303,1,61.09,5,5,5,555,Direct,Champion
18165,362,1,111.22,5,5,5,555,Facebook Ads,Champion
19711,345,1,212.44,5,5,5,555,TikTok Ads,Champion
19728,356,1,195.31,5,5,5,555,Facebook Ads,Champion
18540,302,1,179.34,5,5,5,555,Direct,Champion
19423,328,1,63.31,5,5,5,555,Facebook Ads,Champion
19286,280,1,193.87,5,5,5,555,Referral,Champion
18372,320,1,105.64,5,5,5,555,Referral,Champion
18916,300,1,203.01,5,5,5,555,TikTok Ads,Champion
18307,291,1,85.34,5,5,5,555,Facebook Ads,Champion
19496,305,1,193.58,5,5,5,555,Google Ads,Champion
18797,341,1,200.12,5,5,5,555,Referral,Champion
18917,334,1,146.05,5,5,5,555,Referral,Champion
18418,358,1,22.32,5,5,5,555,Google Ads,Champion
19536,331,1,71.29,5,5,5,555,TikTok Ads,Champion
18494,277,1,197.43,5,5,5,555,TikTok Ads,Champion
18795,336,1,192.62,5,5,5,555,Newsletter,Champion
18953,335,1,242.26,5,5,5,555,Referral,Champion
19236,306,1,137.87,5,5,5,555,Google Ads,Champion
18185,337,1,203.3,5,5,5,555,Newsletter,Champion
19525,352,1,201.18,5,5,5,555,TikTok Ads,Champion
19894,347,1,194.93,5,5,5,555,Direct,Champion
19738,335,1,195.02,5,5,5,555,Newsletter,Champion
18943,323,1,211.19,5,5,5,555,Direct,Champion
18440,272,1,201.08,5,5,5,555,Direct,Champion
18966,355,1,126.71,5,5,5,555,Newsletter,Champion
19951,333,1,200.51,5,5,5,555,Referral,Champion
18422,353,1,193.0,5,5,5,555,Direct,Champion
19259,364,1,214.26,5,5,5,555,Referral,Champion
18077,301,1,204.74,5,5,5,555,Direct,Champion
19187,302,1,82.17,5,5,5,555,Google Ads,Champion
19220,300,1,192.42,5,5,5,555,Direct,Champion
19153,309,1,115.07,5,5,5,555,Direct,Champion
18999,348,1,192.52,5,5,5,555,TikTok Ads,Champion
18713,275,1,150.09,5,5,5,555,Direct,Champion
18875,297,1,18.18,5,5,5,555,Referral,Champion
19188,278,1,225.62,5,5,5,555,Newsletter,Champion
18247,337,1,214.17,5,5,5,555,Newsletter,Champion
19038,362,1,102.66,5,5,5,555,Direct,Champion
18290,290,1,176.45,5,5,5,555,Direct,Champion
18362,272,1,205.51,5,5,5,555,Facebook Ads,Champion
18682,355,1,201.08,5,5,5,555,Direct,Champion
18741,355,1,194.83,5,5,5,555,Google Ads,Champion
19513,301,1,199.35,5,5,5,555,Direct,Champion
19693,333,1,122.0,5,5,5,555,Direct,Champion
19134,302,1,105.06,5,5,5,555,TikTok Ads,Champion
18242,363,1,205.61,5,5,5,555,Google Ads,Champion
18895,286,1,83.42,5,5,5,555,TikTok Ads,Champion
19961,279,1,236.97,5,5,5,555,Direct,Champion
19891,4,34,5944.86,1,1,1,111,TikTok Ads,Lost
19580,3,64,16171.35,1,1,1,111,TikTok Ads,Lost
19125,6,40,13545.53,1,1,1,111,Direct,Lost
19128,1,41,3568.03,1,1,1,111,Referral,Lost
18400,0,39,4437.6,1,1,1,111,Direct,Lost
19752,11,21,2750.42,1,1,1,111,Direct,Lost
18955,1,72,5969.97,1,1,1,111,Google Ads,Lost
18315,0,55,15007.85,1,1,1,111,Referral,Lost
18434,16,25,6397.73,1,1,1,111,Google Ads,Lost
19616,9,35,3892.07,1,1,1,111,Referral,Lost
19850,13,33,7944.82,1,1,1,111,Direct,Lost
18959,8,26,3775.56,1,1,1,111,Google Ads,Lost
19016,3,22,3795.19,1,1,1,111,Direct,Lost
18749,10,23,4368.8,1,1,1,111,Newsletter,Lost
19498,6,154,17596.06,1,1,1,111,Newsletter,Lost
19937,10,78,9240.32,1,1,1,111,Facebook Ads,Lost
19707,7,32,6160.85,1,1,1,111,Referral,Lost
19147,2,35,8262.32,1,1,1,111,Direct,Lost
18577,1,30,3059.26,1,1,1,111,Newsletter,Lost
18695,16,40,6065.31,1,1,1,111,Referral,Lost
19876,0,25,6286.79,1,1,1,111,Referral,Lost
19235,2,61,4384.49,1,1,1,111,Direct,Lost
18653,6,23,2651.13,1,1,1,111,TikTok Ads,Lost
19398,7,27,4136.36,1,1,1,111,TikTok Ads,Lost
18845,9,19,3842.91,1,1,1,111,Google Ads,Lost
18331,4,89,13822.33,1,1,1,111,Newsletter,Lost
18543,9,31,8228.84,1,1,1,111,Direct,Lost
18231,4,50,5498.24,1,1,1,111,Google Ads,Lost
18270,9,38,10101.71,1,1,1,111,Referral,Lost
18139,11,25,2992.49,1,1,1,111,Referral,Lost
18282,16,63,5164.67,1,1,1,111,Facebook Ads,Lost
18728,9,30,9276.69,1,1,1,111,Newsletter,Lost
19791,8,77,7527.26,1,1,1,111,Facebook Ads,Lost
19442,0,26,3920.36,1,1,1,111,Direct,Lost
19493,0,61,9903.41,1,1,1,111,Referral,Lost
18643,2,26,6080.8,1,1,1,111,TikTok Ads,Lost
19887,9,24,5117.43,1,1,1,111,Referral,Lost
18192,10,20,2884.92,1,1,1,111,Direct,Lost
19091,3,51,12283.7,1,1,1,111,Referral,Lost
18093,0,37,7713.24,1,1,1,111,Direct,Lost
18480,11,33,3568.03,1,1,1,111,Referral,Lost
19722,1,36,4272.88,1,1,1,111,Direct,Lost
19520,0,93,16737.94,1,1,1,111,TikTok Ads,Lost
19154,0,55,12574.26,1,1,1,111,TikTok Ads,Lost
19591,1,35,3779.22,1,1,1,111,Direct,Lost
19822,0,150,29383.21,1,1,1,111,Referral,Lost
19231,9,43,5526.04,1,1,1,111,TikTok Ads,Lost
18337,3,25,5170.35,1,1,1,111,TikTok Ads,Lost
19719,5,96,15694.14,1,1,1,111,Newsletter,Lost
19413,4,30,3310.28,1,1,1,111,TikTok Ads,Lost
19296,3,36,11609.83,1,1,1,111,Newsletter,Lost
19575,4,42,7186.19,1,1,1,111,Newsletter,Lost
18705,0,31,7609.91,1,1,1,111,Newsletter,Lost
18542,1,25,3160.96,1,1,1,111,Newsletter,Lost
18368,0,86,14827.26,1,1,1,111,Facebook Ads,Lost
19490,0,56,11638.89,1,1,1,111,Newsletter,Lost
19596,1,66,14688.14,1,1,1,111,TikTok Ads,Lost
19524,7,55,9099.08,1,1,1,111,Google Ads,Lost
18097,0,31,3254.57,1,1,1,111,Direct,Lost
19687,6,40,8250.39,1,1,1,111,Referral,Lost
19303,8,41,6094.95,1,1,1,111,Direct,Lost
18146,3,35,7870.45,1,1,1,111,Facebook Ads,Lost
18785,13,35,7875.45,1,1,1,111,Newsletter,Lost
19510,1,74,8573.76,1,1,1,111,Newsletter,Lost
18633,3,19,3798.94,1,1,1,111,Direct,Lost
18249,6,44,3247.55,1,1,1,111,Newsletter,Lost
18547,3,130,43787.24,1,1,1,111,Referral,Lost
18685,7,61,12134.96,1,1,1,111,Direct,Lost
18739,0,19,7340.7,1,1,1,111,Direct,Lost
19729,2,78,7250.94,1,1,1,111,Newsletter,Lost
18228,1,34,6023.27,1,1,1,111,Direct,Lost
18173,16,38,7193.31,1,1,1,111,Newsletter,Lost
19896,3,94,12418.88,1,1,1,111,Newsletter,Lost
18969,0,73,11797.73,1,1,1,111,Newsletter,Lost
18133,16,31,9788.44,1,1,1,111,Newsletter,Lost
19302,0,30,5833.54,1,1,1,111,Direct,Lost
18501,13,34,5634.67,1,1,1,111,Direct,Lost
19786,1,47,7685.43,1,1,1,111,Direct,Lost
19348,12,29,4883.64,1,1,1,111,Newsletter,Lost
19627,1,33,3803.56,1,1,1,111,Referral,Lost
18787,6,92,8585.11,1,1,1,111,Newsletter,Lost
18724,5,46,7597.49,1,1,1,111,TikTok Ads,Lost
18656,1,19,3866.58,1,1,1,111,Referral,Lost
19269,283,1,555.82,5,5,3,553,Direct,Others
18230,307,2,604.69,5,4,3,543,Referral,Others
18254,324,2,605.94,5,4,3,543,Direct,Others
19171,287,2,541.87,5,4,3,543,Facebook Ads,Others
18822,314,3,692.34,5,4,3,543,Facebook Ads,Others
19239,345,2,1007.15,5,4,2,542,Facebook Ads,Others
19232,325,3,149.61,5,3,5,535,Direct,Others
19608,302,5,449.31,5,3,4,534,Direct,Others
18686,290,4,316.35,5,3,4,534,Direct,Others
18239,317,3,731.02,5,3,3,533,Direct,Others
18197,304,4,894.2,5,3,3,533,Newsletter,Others
19139,280,4,839.36,5,3,3,533,Newsletter,Others
19587,296,5,659.82,5,3,3,533,Direct,Others
18602,289,3,712.36,5,3,3,533,Direct,Others
18952,307,3,584.68,5,3,3,533,Newsletter,Others
19249,294,3,636.16,5,3,3,533,Newsletter,Others
18302,275,4,519.16,5,3,3,533,Referral,Others
19378,288,4,508.87,5,3,3,533,Direct,Others
19472,305,3,593.53,5,3,3,533,Direct,Others
19385,327,6,972.42,5,3,3,533,Google Ads,Others
18235,291,4,472.21,5,3,3,533,Direct,Others
19222,300,3,497.32,5,3,3,533,Facebook Ads,Others
19948,290,3,1214.78,5,3,2,532,Referral,Others
19114,284,4,2052.59,5,3,2,532,Facebook Ads,Others
19361,277,5,1195.05,5,3,2,532,Google Ads,Others
18153,273,4,1163.78,5,3,2,532,Direct,Others
19340,255,1,520.12,4,5,3,453,Newsletter,Others
18589,220,2,492.13,4,4,3,443,Facebook Ads,Others
18784,237,3,692.82,4,4,3,443,TikTok Ads,Others
19311,230,2,710.33,4,4,3,443,Direct,Others
18780,242,2,641.35,4,4,3,443,Google Ads,Others
18913,219,3,860.33,4,4,3,443,Newsletter,Others
18263,265,2,566.5,4,4,3,443,Referral,Others
19911,222,3,539.65,4,4,3,443,Referral,Others
19130,234,2,482.6,4,4,3,443,Direct,Others
19901,256,2,513.48,4,4,3,443,Direct,Others
19833,230,2,589.68,4,4,3,443,Facebook Ads,Others
18641,231,2,492.03,4,4,3,443,TikTok Ads,Others
18541,251,3,769.6,4,4,3,443,Referral,Others
19354,188,2,626.44,4,4,3,443,Facebook Ads,Others
18379,235,3,580.35,4,4,3,443,Facebook Ads,Others
19804,193,4,441.04,4,3,4,434,Newsletter,Others
18414,254,3,411.6,4,3,4,434,Direct,Others
19602,179,6,462.49,4,3,4,434,Newsletter,Others
18877,240,4,411.98,4,3,4,434,Referral,Others
19902,262,4,269.01,4,3,4,434,Facebook Ads,Others
18389,223,4,783.26,4,3,3,433,Newsletter,Others
19538,181,6,933.26,4,3,3,433,Direct,Others
19593,192,5,672.23,4,3,3,433,Referral,Others
19824,178,5,820.5,4,3,3,433,Referral,Others
18126,253,3,487.8,4,3,3,433,Referral,Others
19145,203,5,902.95,4,3,3,433,Referral,Others
18642,187,5,803.18,4,3,3,433,Referral,Others
19956,223,4,899.78,4,3,3,433,Referral,Others
18619,187,4,840.99,4,3,3,433,Facebook Ads,Others
19386,216,4,670.21,4,3,3,433,Direct,Others
19875,245,4,878.9,4,3,3,433,Referral,Others
18349,254,3,816.94,4,3,3,433,Newsletter,Others
18145,250,3,636.64,4,3,3,433,Referral,Others
19700,223,3,501.65,4,3,3,433,Referral,Others
18426,222,5,811.26,4,3,3,433,Referral,Others
18799,211,6,664.35,4,3,3,433,Newsletter,Others
18716,228,4,793.46,4,3,3,433,TikTok Ads,Others
19194,220,6,1325.8,4,3,2,432,Referral,Others
18694,215,6,1225.26,4,3,2,432,Direct,Others
19668,224,3,1098.26,4,3,2,432,TikTok Ads,Others
19497,199,6,1199.0,4,3,2,432,TikTok Ads,Others
19345,180,5,1023.99,4,3,2,432,Direct,Others
19677,115,1,239.76,3,5,5,355,Google Ads,Others
18428,141,1,208.11,3,5,5,355,Referral,Others
18679,162,1,21.74,3,5,5,355,Referral,Others
19544,173,1,80.24,3,5,5,355,Newsletter,Others
18451,121,1,40.99,3,5,5,355,Facebook Ads,Others
19849,127,1,193.77,3,5,5,355,Direct,Others
19421,135,1,146.92,3,5,5,355,Direct,Others
18744,165,1,195.31,3,5,5,355,Referral,Others
18113,163,1,35.5,3,5,5,355,Referral,Others
18911,95,1,111.03,3,5,5,355,Direct,Others
18435,157,1,13.47,3,5,5,355,Referral,Others
18621,117,1,227.54,3,5,5,355,Direct,Others
18321,91,1,349.73,3,5,4,354,Direct,Others
19514,88,1,328.47,3,5,4,354,Newsletter,Others
19753,159,1,69.95,3,4,5,345,Facebook Ads,Others
19037,111,2,171.07,3,4,5,345,Referral,Others
18087,128,2,161.93,3,4,5,345,Direct,Others
19123,162,2,162.79,3,4,5,345,Direct,Others
19807,112,3,74.95,3,4,5,345,Direct,Others
18436,93,1,131.52,3,4,5,345,Newsletter,Others
19599,166,1,195.31,3,4,5,345,Facebook Ads,Others
19449,107,2,150.09,3,4,5,345,Facebook Ads,Others
18505,99,2,204.55,3,4,5,345,Direct,Others
18991,145,2,257.66,3,4,4,344,Referral,Others
18786,119,2,265.35,3,4,4,344,Direct,Others
19308,172,3,409.67,3,4,4,344,Google Ads,Others
18085,118,2,296.53,3,4,4,344,Referral,Others
19567,126,2,434.4,3,4,4,344,TikTok Ads,Others
19919,118,2,330.49,3,4,4,344,Newsletter,Others
18261,172,3,395.62,3,4,4,344,Direct,Others
18089,106,1,360.51,3,4,4,344,TikTok Ads,Others
18060,164,2,390.43,3,4,4,344,Newsletter,Others
19292,131,2,337.7,3,4,4,344,Referral,Others
18366,123,2,408.42,3,4,4,344,Direct,Others
18832,165,1,308.07,3,4,4,344,Referral,Others
19598,151,2,394.66,3,4,4,344,Facebook Ads,Others
18597,174,3,495.01,3,4,3,343,Newsletter,Others
19377,101,2,585.07,3,4,3,343,Facebook Ads,Others
19032,174,3,835.6,3,4,3,343,TikTok Ads,Others
18578,141,2,500.5,3,4,3,343,TikTok Ads,Others
18374,171,1,664.25,3,4,3,343,Direct,Others
19233,136,3,1568.07,3,4,2,342,TikTok Ads,Others
19684,149,4,89.19,3,3,5,335,Direct,Others
18163,142,4,207.53,3,3,5,335,Google Ads,Others
18856,107,3,148.94,3,3,5,335,Referral,Others
19704,93,3,295.85,3,3,4,334,Referral,Others
19214,86,4,433.82,3,3,4,334,Referral,Others
18937,145,5,267.95,3,3,4,334,Direct,Others
19429,163,4,387.64,3,3,4,334,Facebook Ads,Others
19093,162,3,345.02,3,3,4,334,Newsletter,Others
18318,155,4,443.73,3,3,4,334,Facebook Ads,Others
19743,116,5,263.43,3,3,4,334,Direct,Others
19453,138,4,426.6,3,3,4,334,Facebook Ads,Others
19156,95,5,681.95,3,3,3,333,TikTok Ads,Others
18417,155,3,730.92,3,3,3,333,Referral,Others
18054,110,3,535.9,3,3,3,333,Newsletter,Others
18433,124,4,587.66,3,3,3,333,TikTok Ads,Others
18132,90,5,753.25,3,3,3,333,TikTok Ads,Others
18061,107,4,635.0,3,3,3,333,Referral,Others
18342,95,3,501.84,3,3,3,333,Newsletter,Others
19794,107,5,723.9,3,3,3,333,Direct,Others
19563,144,4,521.76,3,3,3,333,Referral,Others
18701,148,5,679.07,3,3,3,333,Direct,Others
18567,145,5,1005.71,3,3,3,333,TikTok Ads,Others
19140,113,4,815.78,3,3,3,333,Referral,Others
19126,104,5,599.79,3,3,3,333,TikTok Ads,Others
19582,96,4,703.98,3,3,3,333,Facebook Ads,Others
18931,117,4,974.53,3,3,3,333,Direct,Others
18974,114,5,918.73,3,3,3,333,Direct,Others
19175,157,5,888.23,3,3,3,333,TikTok Ads,Others
18958,150,4,949.52,3,3,3,333,Referral,Others
19240,160,4,789.23,3,3,3,333,Direct,Others
18566,153,3,632.21,3,3,3,333,Direct,Others
18751,127,4,935.28,3,3,3,333,TikTok Ads,Others
19080,163,4,829.35,3,3,3,333,Referral,Others
19108,135,4,697.92,3,3,3,333,Referral,Others
18776,150,3,507.42,3,3,3,333,Direct,Others
18906,125,3,865.14,3,3,3,333,Referral,Others
18042,160,5,726.21,3,3,3,333,Direct,Others
18918,114,5,657.51,3,3,3,333,Newsletter,Others
19176,114,5,1027.45,3,3,2,332,Referral,Others
19566,93,6,2509.12,3,3,2,332,Newsletter,Others
18011,103,4,1006.67,3,3,2,332,Referral,Others
18240,100,3,1125.59,3,3,2,332,TikTok Ads,Others
18013,142,4,1364.48,3,3,2,332,TikTok Ads,Others
18777,120,5,2355.56,3,3,2,332,TikTok Ads,Others
18557,135,4,1675.73,3,3,2,332,Direct,Others
19917,141,5,1293.0,3,3,2,332,TikTok Ads,Others
18102,158,4,1017.93,3,3,2,332,Direct,Others
19610,103,5,1139.44,3,3,2,332,Direct,Others
19028,108,5,1006.28,3,3,2,332,Direct,Others
18646,145,5,1005.99,3,3,2,332,Referral,Others
19253,162,7,414.67,3,2,4,324,Direct,Others
19166,132,7,946.63,3,2,3,323,Newsletter,Others
18731,85,8,808.95,3,2,3,323,Referral,Others
19034,156,7,490.68,3,2,3,323,Facebook Ads,Others
18995,127,9,638.27,3,2,3,323,Direct,Others
19967,149,11,880.63,3,2,3,323,Facebook Ads,Others
19479,124,7,482.41,3,2,3,323,Direct,Others
18765,111,8,895.54,3,2,3,323,Referral,Others
19741,145,8,486.83,3,2,3,323,Direct,Others
19819,132,8,815.4,3,2,3,323,Referral,Others
19686,105,8,1155.41,3,2,2,322,Facebook Ads,Others
19586,146,10,2328.53,3,2,2,322,Referral,Others
19441,89,13,1719.7,3,2,2,322,Newsletter,Others
19774,136,10,1278.56,3,2,2,322,Newsletter,Others
19945,106,8,2230.68,3,2,2,322,Newsletter,Others
18207,88,9,2047.97,3,2,2,322,TikTok Ads,Others
18123,95,9,1289.05,3,2,2,322,TikTok Ads,Others
19107,129,13,1660.91,3,2,2,322,Direct,Others
18715,84,11,2387.22,3,2,2,322,Facebook Ads,Others
18313,135,7,1882.78,3,2,2,322,Direct,Others
19190,108,9,1282.12,3,2,2,322,Direct,Others
18081,168,14,1247.97,3,2,2,322,Facebook Ads,Others
19594,102,8,1139.44,3,2,2,322,Direct,Others
19437,125,7,1392.58,3,2,2,322,Referral,Others
18258,141,7,1737.5,3,2,2,322,Direct,Others
18774,108,9,1463.0,3,2,2,322,Referral,Others
18513,128,17,1428.66,3,2,2,322,Facebook Ads,Others
19866,167,7,1129.82,3,2,2,322,Facebook Ads,Others
19476,88,11,2271.86,3,2,2,322,Referral,Others
18756,113,10,1141.56,3,2,2,322,Direct,Others
19025,112,11,1833.32,3,2,2,322,Facebook Ads,Others
19808,112,11,1304.83,3,2,2,322,Newsletter,Others
18140,134,11,4094.31,3,2,1,321,Facebook Ads,Others
18149,103,14,2689.42,3,2,1,321,Direct,Others
18423,105,21,2380.19,3,1,2,312,Direct,Others
18216,97,33,5275.89,3,1,1,311,Referral,Others
18397,114,41,15268.88,3,1,1,311,Direct,Others
18473,122,18,3984.53,3,1,1,311,Referral,Others
18274,99,19,3662.8,3,1,1,311,Newsletter,Others
19821,105,35,6090.81,3,1,1,311,Referral,Others
19411,142,22,3861.28,3,1,1,311,Direct,Others
19632,126,34,6856.95,3,1,1,311,Direct,Others
18394,150,32,12079.73,3,1,1,311,TikTok Ads,Others
19965,38,3,236.01,2,3,5,235,Direct,Others
18696,48,4,188.86,2,3,5,235,Referral,Others
18444,23,4,155.77,2,3,5,235,Direct,Others
19137,72,4,468.26,2,3,4,234,Direct,Others
19718,55,4,265.93,2,3,4,234,Direct,Others
19404,43,4,541.29,2,3,3,233,Facebook Ads,Others
19936,43,3,801.93,2,3,3,233,Direct,Others
19843,32,6,634.04,2,3,3,233,TikTok Ads,Others
19867,57,5,721.4,2,3,3,233,Newsletter,Others
19590,63,6,920.08,2,3,3,233,Direct,Others
18322,59,4,570.83,2,3,3,233,Newsletter,Others
18226,52,6,725.73,2,3,3,233,Referral,Others
19535,65,6,899.78,2,3,3,233,Referral,Others
18005,64,5,505.98,2,3,3,233,Newsletter,Others
19778,57,4,645.3,2,3,3,233,Google Ads,Others
19419,66,4,863.41,2,3,3,233,Google Ads,Others
19815,75,3,575.54,2,3,3,233,TikTok Ads,Others
19363,64,3,491.36,2,3,3,233,Direct,Others
18893,16,4,850.9,2,3,3,233,Newsletter,Others
19014,41,4,716.49,2,3,3,233,Facebook Ads,Others
18215,38,5,545.62,2,3,3,233,TikTok Ads,Others
18439,32,4,873.61,2,3,3,233,TikTok Ads,Others
18108,73,6,1730.18,2,3,2,232,Direct,Others
19859,72,4,1727.2,2,3,2,232,Newsletter,Others
18981,61,6,2310.34,2,3,2,232,Facebook Ads,Others
18017,39,5,1716.14,2,3,2,232,Referral,Others
19659,30,6,1140.98,2,3,2,232,Referral,Others
19223,4,3,138.45,1,3,5,135,TikTok Ads,Others
18016,5,5,279.21,1,3,4,134,Direct,Others
19288,7,5,923.73,1,3,3,133,Facebook Ads,Others
18994,11,6,509.25,1,3,3,133,Direct,Others
19366,0,6,607.68,1,3,3,133,Google Ads,Others
18391,6,5,929.6,1,3,3,133,Referral,Others
18255,6,3,563.51,1,3,3,133,Referral,Others
18907,3,5,875.82,1,3,3,133,Direct,Others
19705,8,5,724.57,1,3,3,133,Facebook Ads,Others
18033,0,5,1008.79,1,3,2,132,Direct,Others
19528,9,5,1223.24,1,3,2,132,Direct,Others
19301,289,9,954.62,5,2,3,523,Newsletter,Recent but Low Frequency
18551,301,11,1405.66,5,2,2,522,Newsletter,Recent but Low Frequency
18236,300,13,1931.46,5,2,2,522,Facebook Ads,Recent but Low Frequency
18382,274,8,2035.47,5,2,2,522,TikTok Ads,Recent but Low Frequency
19205,330,7,1672.26,5,2,2,522,Direct,Recent but Low Frequency
19065,297,12,4258.93,5,2,1,521,Newsletter,Recent but Low Frequency
19614,262,10,887.37,4,2,3,423,Referral,Recent but Low Frequency
18940,227,7,759.88,4,2,3,423,Direct,Recent but Low Frequency
19930,242,7,792.5,4,2,3,423,Direct,Recent but Low Frequency
19315,178,7,1534.49,4,2,2,422,Referral,Recent but Low Frequency
19900,243,8,1330.71,4,2,2,422,Direct,Recent but Low Frequency
18725,242,7,1987.84,4,2,2,422,Newsletter,Recent but Low Frequency
19863,261,7,1751.74,4,2,2,422,Direct,Recent but Low Frequency
18212,235,8,1833.23,4,2,2,422,Direct,Recent but Low Frequency
18291,178,8,1790.22,4,2,2,422,Google Ads,Recent but Low Frequency
19523,225,10,1911.54,4,2,2,422,Direct,Recent but Low Frequency
19601,238,14,2822.58,4,2,1,421,Referral,Recent but Low Frequency
19368,190,9,3303.74,4,2,1,421,Direct,Recent but Low Frequency
18842,231,29,2474.29,4,1,2,412,Referral,Recent but Low Frequency
19755,212,25,3091.2,4,1,1,411,Newsletter,Recent but Low Frequency
18783,210,24,5770.71,4,1,1,411,Referral,Recent but Low Frequency
18908,298,1,261.79,5,5,4,554,Google Ads,Royal Customer
19799,346,1,337.32,5,5,4,554,Newsletter,Royal Customer
18369,276,1,300.47,5,5,4,554,Facebook Ads,Royal Customer
18704,304,1,242.45,5,5,4,554,Direct,Royal Customer
19643,287,1,277.09,5,5,4,554,Referral,Royal Customer
19349,325,1,244.09,5,5,4,554,Direct,Royal Customer
19492,287,1,278.05,5,5,4,554,TikTok Ads,Royal Customer
18802,342,1,246.11,5,5,4,554,Referral,Royal Customer
19865,277,1,256.98,5,5,4,554,TikTok Ads,Royal Customer
18630,336,1,281.71,5,5,4,554,Newsletter,Royal Customer
18593,301,1,250.34,5,5,4,554,TikTok Ads,Royal Customer
18135,359,1,444.5,5,5,4,554,Direct,Royal Customer
18759,294,1,244.48,5,5,4,554,Referral,Royal Customer
18176,288,1,380.13,5,5,4,554,TikTok Ads,Royal Customer
19788,336,1,242.94,5,5,4,554,Direct,Royal Customer
18670,300,2,222.35,5,4,5,545,Referral,Royal Customer
18454,283,2,187.52,5,4,5,545,Direct,Royal Customer
19304,350,1,200.12,5,4,5,545,Referral,Royal Customer
19914,278,2,130.27,5,4,5,545,Newsletter,Royal Customer
18579,342,1,199.26,5,4,5,545,Direct,Royal Customer
18622,331,2,158.17,5,4,5,545,Direct,Royal Customer
19213,299,2,223.02,5,4,5,545,Referral,Royal Customer
19182,340,1,308.07,5,4,4,544,Newsletter,Royal Customer
18412,279,2,249.29,5,4,4,544,Direct,Royal Customer
19196,290,2,426.7,5,4,4,544,Newsletter,Royal Customer
19957,336,2,364.74,5,4,4,544,Newsletter,Royal Customer
19946,306,2,407.36,5,4,4,544,Facebook Ads,Royal Customer
19895,287,2,399.57,5,4,4,544,Newsletter,Royal Customer
19029,342,2,301.14,5,4,4,544,Referral,Royal Customer
18430,280,2,294.41,5,4,4,544,Direct,Royal Customer
18558,287,2,434.69,5,4,4,544,Referral,Royal Customer
19098,315,2,315.58,5,4,4,544,TikTok Ads,Royal Customer
19364,275,2,397.07,5,4,4,544,Direct,Royal Customer
19500,294,2,261.41,5,4,4,544,TikTok Ads,Royal Customer
19200,302,2,336.55,5,4,4,544,Newsletter,Royal Customer
19694,335,2,471.63,5,4,4,544,Referral,Royal Customer
18147,279,2,358.78,5,4,4,544,Referral,Royal Customer
18659,326,2,443.92,5,4,4,544,Referral,Royal Customer
19451,294,2,254.19,5,4,4,544,Referral,Royal Customer
19574,333,2,309.9,5,4,4,544,Direct,Royal Customer
19409,287,2,447.77,5,4,4,544,Newsletter,Royal Customer
18545,276,2,391.1,5,4,4,544,Direct,Royal Customer
19172,276,2,392.26,5,4,4,544,Referral,Royal Customer
19298,288,2,396.2,5,4,4,544,Facebook Ads,Royal Customer
18223,306,2,407.17,5,4,4,544,Referral,Royal Customer
19068,321,2,347.13,5,4,4,544,Newsletter,Royal Customer
18124,306,2,359.93,5,4,4,544,Referral,Royal Customer
18343,301,1,248.13,5,4,4,544,Direct,Royal Customer
18363,188,1,108.53,4,5,5,455,Direct,Royal Customer
19644,246,1,194.35,4,5,5,455,Direct,Royal Customer
19855,255,1,51.57,4,5,5,455,Referral,Royal Customer
18664,233,1,167.51,4,5,5,455,Direct,Royal Customer
18851,268,1,76.78,4,5,5,455,Facebook Ads,Royal Customer
18158,202,1,62.73,4,5,5,455,Newsletter,Royal Customer
19688,237,1,193.0,4,5,5,455,Referral,Royal Customer
18806,265,1,241.49,4,5,5,455,Direct,Royal Customer
19784,212,1,100.25,4,5,5,455,Referral,Royal Customer
19995,263,1,198.87,4,5,5,455,TikTok Ads,Royal Customer
19758,205,1,106.99,4,5,5,455,Direct,Royal Customer
18461,245,1,129.31,4,5,5,455,Direct,Royal Customer
19607,200,1,89.38,4,5,5,455,Newsletter,Royal Customer
18160,259,1,193.39,4,5,5,455,Direct,Royal Customer
18465,256,1,202.24,4,5,5,455,TikTok Ads,Royal Customer
18763,217,1,216.57,4,5,5,455,Referral,Royal Customer
19465,240,1,200.7,4,5,5,455,Direct,Royal Customer
19407,234,1,241.01,4,5,5,455,Direct,Royal Customer
18613,210,1,197.52,4,5,5,455,Direct,Royal Customer
18109,181,1,69.85,4,5,5,455,Facebook Ads,Royal Customer
18455,237,1,241.4,4,5,5,455,Referral,Royal Customer
18301,258,1,167.12,4,5,5,455,Facebook Ads,Royal Customer
19909,177,1,66.29,4,5,5,455,Newsletter,Royal Customer
19400,238,1,208.68,4,5,5,455,Direct,Royal Customer
19972,200,1,202.14,4,5,5,455,Direct,Royal Customer
18860,223,1,193.68,4,5,5,455,Newsletter,Royal Customer
19384,184,1,30.5,4,5,5,455,TikTok Ads,Royal Customer
19289,266,1,207.82,4,5,5,455,Referral,Royal Customer
18227,237,1,194.44,4,5,5,455,Facebook Ads,Royal Customer
18300,199,1,247.17,4,5,4,454,TikTok Ads,Royal Customer
19988,256,1,250.15,4,5,4,454,Direct,Royal Customer
19264,270,1,245.73,4,5,4,454,Facebook Ads,Royal Customer
19652,271,1,249.38,4,5,4,454,Direct,Royal Customer
19420,264,1,287.48,4,5,4,454,Referral,Royal Customer
18710,248,1,293.16,4,5,4,454,Referral,Royal Customer
19047,258,1,251.59,4,5,4,454,Referral,Royal Customer
19073,262,1,274.97,4,5,4,454,Referral,Royal Customer
18392,178,1,290.66,4,5,4,454,Newsletter,Royal Customer
18792,237,1,258.14,4,5,4,454,TikTok Ads,Royal Customer
18221,229,1,310.19,4,5,4,454,Facebook Ads,Royal Customer
18828,238,2,231.39,4,4,5,445,TikTok Ads,Royal Customer
19768,245,3,123.92,4,4,5,445,TikTok Ads,Royal Customer
19346,266,1,211.57,4,4,5,445,TikTok Ads,Royal Customer
19745,222,1,156.83,4,4,5,445,Direct,Royal Customer
19475,238,2,223.69,4,4,5,445,Newsletter,Royal Customer
18200,198,2,104.97,4,4,5,445,TikTok Ads,Royal Customer
19856,254,2,55.8,4,4,5,445,TikTok Ads,Royal Customer
19759,191,2,125.27,4,4,5,445,Newsletter,Royal Customer
18114,234,1,89.77,4,4,5,445,TikTok Ads,Royal Customer
18840,243,2,434.01,4,4,4,444,Referral,Royal Customer
18793,232,2,396.68,4,4,4,444,Direct,Royal Customer
19229,256,2,354.83,4,4,4,444,Direct,Royal Customer
19177,264,2,397.26,4,4,4,444,Newsletter,Royal Customer
19467,250,2,394.76,4,4,4,444,Facebook Ads,Royal Customer
18733,228,2,401.3,4,4,4,444,Direct,Royal Customer
18576,255,2,423.81,4,4,4,444,Referral,Royal Customer
18336,213,2,247.65,4,4,4,444,Referral,Royal Customer
19417,250,2,388.22,4,4,4,444,Referral,Royal Customer
19733,233,2,448.73,4,4,4,444,Direct,Royal Customer
19541,238,2,242.65,4,4,4,444,Facebook Ads,Royal Customer
18560,249,2,409.09,4,4,4,444,Google Ads,Royal Customer
18453,228,2,411.79,4,4,4,444,Referral,Royal Customer
19583,264,1,305.09,4,4,4,444,Direct,Royal Customer
19439,249,2,259.2,4,4,4,444,Direct,Royal Customer
19051,230,2,404.76,4,4,4,444,Referral,Royal Customer
19283,247,2,467.3,4,4,4,444,Newsletter,Royal Customer
19604,207,3,409.09,4,4,4,444,Referral,Royal Customer
18314,250,2,414.77,4,4,4,444,Direct,Royal Customer
19703,244,2,387.64,4,4,4,444,Referral,Royal Customer
19695,223,2,410.83,4,4,4,444,Facebook Ads,Royal Customer
19024,235,2,414.77,4,4,4,444,Google Ads,Royal Customer
19106,208,2,436.23,4,4,4,444,Direct,Royal Customer
18592,268,2,306.05,4,4,4,444,Newsletter,Royal Customer
18289,241,2,385.23,4,4,4,444,TikTok Ads,Royal Customer
18380,250,2,453.26,4,4,4,444,Referral,Royal Customer
18469,264,2,468.55,4,4,4,444,Referral,Royal Customer
18572,215,2,442.0,4,4,4,444,Referral,Royal Customer
18919,237,2,399.47,4,4,4,444,Newsletter,Royal Customer
18689,38,9,321.73,2,2,4,224,Referral,Ηibernating
18281,32,8,447.58,2,2,4,224,Direct,Ηibernating
19540,74,12,803.08,2,2,3,223,Direct,Ηibernating
19844,31,7,679.64,2,2,3,223,Newsletter,Ηibernating
19798,65,10,980.21,2,2,3,223,TikTok Ads,Ηibernating
18920,70,6,833.49,2,2,3,223,Facebook Ads,Ηibernating
19008,41,6,929.51,2,2,3,223,Facebook Ads,Ηibernating
19921,48,8,902.37,2,2,3,223,Referral,Ηibernating
19771,61,9,1236.81,2,2,2,222,Facebook Ads,Ηibernating
18477,38,13,1379.59,2,2,2,222,Direct,Ηibernating
18975,27,17,2566.36,2,2,2,222,Direct,Ηibernating
19403,17,9,1937.04,2,2,2,222,Newsletter,Ηibernating
18457,27,8,1741.54,2,2,2,222,Newsletter,Ηibernating
18588,49,10,1619.54,2,2,2,222,Referral,Ηibernating
19160,27,15,1969.08,2,2,2,222,Direct,Ηibernating
18844,33,17,1442.61,2,2,2,222,Referral,Ηibernating
19588,27,9,2154.1,2,2,2,222,Direct,Ηibernating
18773,45,10,1164.17,2,2,2,222,Newsletter,Ηibernating
18965,39,9,2115.42,2,2,2,222,TikTok Ads,Ηibernating
19099,36,7,1222.09,2,2,2,222,Direct,Ηibernating
18199,53,13,1206.79,2,2,2,222,Google Ads,Ηibernating
18065,23,9,2485.45,2,2,2,222,Facebook Ads,Ηibernating
19795,52,11,2350.56,2,2,2,222,Direct,Ηibernating
19814,51,17,2340.07,2,2,2,222,TikTok Ads,Ηibernating
18835,67,11,1560.47,2,2,2,222,Facebook Ads,Ηibernating
18220,62,9,1383.05,2,2,2,222,TikTok Ads,Ηibernating
19742,54,9,1115.0,2,2,2,222,Google Ads,Ηibernating
19191,66,10,2400.59,2,2,2,222,Newsletter,Ηibernating
19230,54,11,1099.03,2,2,2,222,Direct,Ηibernating
19142,26,13,1355.34,2,2,2,222,Direct,Ηibernating
18954,34,9,1135.88,2,2,2,222,Newsletter,Ηibernating
18850,25,8,1072.86,2,2,2,222,Referral,Ηibernating
18738,45,9,1334.75,2,2,2,222,Referral,Ηibernating
19943,32,8,1202.17,2,2,2,222,TikTok Ads,Ηibernating
19104,27,15,1826.69,2,2,2,222,Referral,Ηibernating
19478,27,11,1203.71,2,2,2,222,Facebook Ads,Ηibernating
19764,37,10,1129.24,2,2,2,222,Facebook Ads,Ηibernating
18575,53,11,1068.24,2,2,2,222,Google Ads,Ηibernating
19518,25,15,2035.18,2,2,2,222,Referral,Ηibernating
19676,61,8,2193.73,2,2,2,222,Direct,Ηibernating
18980,53,14,1071.61,2,2,2,222,Referral,Ηibernating
19109,40,13,2354.6,2,2,2,222,Direct,Ηibernating
18437,79,10,1671.69,2,2,2,222,Facebook Ads,Ηibernating
18563,80,13,1985.72,2,2,2,222,Referral,Ηibernating
18841,25,8,1142.9,2,2,2,222,Referral,Ηibernating
18491,30,14,3597.76,2,2,1,221,Referral,Ηibernating
18668,28,13,2782.36,2,2,1,221,Referral,Ηibernating
18303,37,10,3205.21,2,2,1,221,Direct,Ηibernating
19770,42,16,3420.34,2,2,1,221,Referral,Ηibernating
19653,17,16,3631.82,2,2,1,221,Referral,Ηibernating
19327,27,8,3156.34,2,2,1,221,Facebook Ads,Ηibernating
18375,17,10,3094.57,2,2,1,221,Referral,Ηibernating
18848,60,12,3648.94,2,2,1,221,Newsletter,Ηibernating
18031,67,13,4792.72,2,2,1,221,Direct,Ηibernating
19550,28,18,2406.08,2,1,2,212,TikTok Ads,Ηibernating
19405,24,22,2417.14,2,1,2,212,TikTok Ads,Ηibernating
18946,68,31,1633.11,2,1,2,212,Referral,Ηibernating
19202,45,27,2332.67,2,1,2,212,Newsletter,Ηibernating
19251,22,19,1956.28,2,1,2,212,TikTok Ads,Ηibernating
19262,35,33,1799.75,2,1,2,212,Direct,Ηibernating
19026,20,38,2121.19,2,1,2,212,Newsletter,Ηibernating
19428,20,61,1495.43,2,1,2,212,Referral,Ηibernating
18688,24,22,2600.9,2,1,2,212,Facebook Ads,Ηibernating
19556,81,23,2699.52,2,1,1,211,Facebook Ads,Ηibernating
19760,30,34,4907.98,2,1,1,211,Facebook Ads,Ηibernating
19744,39,27,5880.39,2,1,1,211,Direct,Ηibernating
19903,31,37,3376.38,2,1,1,211,TikTok Ads,Ηibernating
19357,40,60,15108.49,2,1,1,211,Direct,Ηibernating
18177,24,49,7866.02,2,1,1,211,Direct,Ηibernating
19657,50,34,5101.17,2,1,1,211,Referral,Ηibernating
19606,20,29,10014.54,2,1,1,211,Referral,Ηibernating
18816,56,34,5788.03,2,1,1,211,Referral,Ηibernating
18284,41,21,3027.99,2,1,1,211,Direct,Ηibernating
18105,40,30,7904.03,2,1,1,211,Direct,Ηibernating
19797,66,28,3155.95,2,1,1,211,Referral,Ηibernating
19973,31,50,4751.92,2,1,1,211,Referral,Ηibernating
18555,31,29,4418.74,2,1,1,211,Newsletter,Ηibernating
19516,43,65,10579.21,2,1,1,211,Direct,Ηibernating
19515,76,31,3198.58,2,1,1,211,Direct,Ηibernating
18647,51,23,3228.69,2,1,1,211,Referral,Ηibernating
18352,51,37,2854.62,2,1,1,211,Direct,Ηibernating
19716,23,20,3788.26,2,1,1,211,Referral,Ηibernating
18252,76,92,41293.8,2,1,1,211,Direct,Ηibernating
19081,30,30,4065.93,2,1,1,211,Newsletter,Ηibernating
19444,53,31,3009.33,2,1,1,211,Facebook Ads,Ηibernating
18271,5,7,876.11,1,2,3,123,Referral,Ηibernating
18409,1,7,926.04,1,2,3,123,TikTok Ads,Ηibernating
19083,4,8,748.34,1,2,3,123,Direct,Ηibernating
18847,7,9,763.92,1,2,3,123,Referral,Ηibernating
19313,8,8,696.87,1,2,3,123,Referral,Ηibernating
19117,13,12,777.78,1,2,3,123,Direct,Ηibernating
18758,10,14,972.13,1,2,3,123,Direct,Ηibernating
18404,10,11,2635.73,1,2,2,122,Direct,Ηibernating
19121,7,10,2461.88,1,2,2,122,Facebook Ads,Ηibernating
19072,3,14,1133.0,1,2,2,122,Direct,Ηibernating
18546,8,15,1858.24,1,2,2,122,Referral,Ηibernating
18470,6,11,1439.14,1,2,2,122,Newsletter,Ηibernating
18320,12,7,1516.69,1,2,2,122,Newsletter,Ηibernating
18727,6,9,1996.88,1,2,2,122,Direct,Ηibernating
18456,2,13,1768.19,1,2,2,122,TikTok Ads,Ηibernating
19167,8,9,1490.04,1,2,2,122,Referral,Ηibernating
18073,10,13,1316.57,1,2,2,122,Referral,Ηibernating
18410,10,9,1579.42,1,2,2,122,Direct,Ηibernating
18826,6,16,1615.21,1,2,2,122,TikTok Ads,Ηibernating
18910,5,15,2093.67,1,2,2,122,Direct,Ηibernating
19542,5,14,1115.77,1,2,2,122,Referral,Ηibernating
19473,9,16,1741.92,1,2,2,122,Direct,Ηibernating
19343,9,14,2257.04,1,2,2,122,Newsletter,Ηibernating
19064,5,16,3281.61,1,2,1,121,Direct,Ηibernating
19547,6,14,2721.65,1,2,1,121,Referral,Ηibernating
19102,5,15,3503.66,1,2,1,121,Newsletter,Ηibernating
19057,1,14,3627.3,1,2,1,121,Newsletter,Ηibernating
18601,3,15,4459.15,1,2,1,121,Direct,Ηibernating
18040,13,12,4860.45,1,2,1,121,Direct,Ηibernating
19321,7,17,994.35,1,1,3,113,Referral,Ηibernating
18603,0,21,2258.39,1,1,2,112,Direct,Ηibernating
19447,16,22,2636.5,1,1,2,112,Direct,Ηibernating
19663,11,22,1163.01,1,1,2,112,Newsletter,Ηibernating
18658,2,22,2625.73,1,1,2,112,Direct,Ηibernating
18587,0,23,2570.12,1,1,2,112,Direct,Ηibernating
18534,9,20,1737.88,1,1,2,112,Facebook Ads,Ηibernating
18693,8,30,1640.51,1,1,2,112,Direct,Ηibernating
19323,4,25,1389.3,1,1,2,112,Direct,Ηibernating